model,accuracy,top5_accuracy,macro_f1
TAN,0.5807017543859649,0.9008771929824562,0.5654982752312474
